{
	"pages": [ //pages数组中第一项表示应用启动页，参考：https://uniapp.dcloud.io/collocation/pages

		{
			"path": "pages/login/login",
			"style": {
				"navigationStyle": "custom",
				"navigationBarTextStyle": "black"
			}
		},
		{
			"path": "pages/my/my",
			"style": {
				"navigationBarTitleText": "我的",
				"enablePullDownRefresh": false,
				"app-plus": {
					"titleNView": {
						"buttons": [{
							"type": "menu",
							"color": "#FFFFFF"
						}]
					}
				}

			}

		}, {
			"path": "pages/index/index",
			"style": {
				// 开启下拉刷新
				"enablePullDownRefresh": true,
				"app-plus": {
					"titleNView": {
						"searchInput": {
							"placeholder": "search",
							"placeholderColor": "#6f6c67",
							"backgroundColor": "#F5F4F2",
							"align": "center",
							"borderRadius": "4px"
						},
						"buttons": [{
							"color": "#FFFFFF",
							"colorPressed": "#FC5C82",
							"float": "right",
							"fontSize": "20px",
							"fontSrc": "/static/font/iconfont.ttf",
							"text": "\ue668"
						}]
					}
				}
			}
		},
		{
			"path": "pages/dynamic/dynamic",
			"style": {
			"navigationStyle": "custom",
			"navigationBarTextStyle": "black"
			}

		},
		{
			"path": "pages/msg/msg",
			"style": {
				"navigationBarTitleText": "消息",
				"enablePullDownRefresh": true,
				"app-plus": {
					"titleNView": {
						"buttons": [{
								"color": "#FFFFFF",
								"colorPressed": "#FC5C82",
								"float": "left",
								"fontSize": "20px",
								"fontSrc": "/static/font/iconfont.ttf",
								"text": "\ue611"
							},
							{
								"color": "#FFFFFF",
								"colorPressed": "#FC5C82",
								"float": "right",
								"fontSize": "20px",
								"fontSrc": "/static/font/iconfont.ttf",
								"text": "\ue649"
							}
						]
					}
				}
			}

		},

		{
			"path": "pages/settings/settings",
			"style": {
				"navigationBarTitleText": "",
				"enablePullDownRefresh": false
			}

		}
	    ,{
            "path" : "pages/upload/upload",
            "style" :                                                                                    
            {
                "navigationBarTitleText": "编辑资料",
                "enablePullDownRefresh": false
            }
            
        }
        ,{
            "path" : "pages/user-safe/user-safe",
            "style" :                                                                                    
            {
                "navigationBarTitleText": "账号安全",
                "enablePullDownRefresh": false
            }
            
        }
        ,{
            "path" : "pages/edit-password/edit-password",
            "style" :                                                                                    
            {
                "navigationBarTitleText": "修改密码",
                "enablePullDownRefresh": false
            }
            
        }
        ,{
            "path" : "pages/about/about",
            "style" :                                                                                    
            {
                "navigationBarTitleText": "关于社区",
                "enablePullDownRefresh": false
            }
            
        }
        ,{
            "path" : "pages/user-feedback/user-feedback",
            "style" :                                                                                    
            {
                "navigationBarTitleText": "意见反馈",
                "enablePullDownRefresh": false
            }
            
        }
        ,{
            "path" : "pages/bind-phone/bind-phone",
            "style" :                                                                                    
            {
                "navigationBarTitleText": "绑定手机号",
                "enablePullDownRefresh": false
            }
            
        }
    ],
	"globalStyle": {
		"navigationBarTextStyle": "white",
		"navigationBarTitleText": "我的应用",
		"navigationBarBackgroundColor": "#FC5C82",
		"backgroundColor": "#F8F8F8",
		"pageOrientation": "portrait", // 横屏配置，全局屏幕旋转设置
		"rpxCalcMaxDeviceWidth": 960,
		"rpxCalcBaseDeviceWidth": 375,
		"rpxCalcIncludeWidth": 750
	},
	"tabBar": {
		"color": "#333333",
		"selectedColor": "#FC5C82",
		"backgroundColor": "#FFFFFF",
		"list": [{
				"pagePath": "pages/index/index",
				"text": "首页",
				"iconPath": "static/tabbar/index.png",
				"selectedIconPath": "static/tabbar/indexed.png"
			},
			{
				"pagePath": "pages/dynamic/dynamic",
				"text": "动态",
				"iconPath": "static/tabbar/news.png",
				"selectedIconPath": "static/tabbar/newsed.png"
			},
			{
				"pagePath": "pages/msg/msg",
				"text": "消息",
				"iconPath": "static/tabbar/paper.png",
				"selectedIconPath": "static/tabbar/papered.png"
			},
			{
				"pagePath": "pages/my/my",
				"text": "我的",
				"iconPath": "static/tabbar/home.png",
				"selectedIconPath": "static/tabbar/homeed.png"
			}
		]

	}
}
